Genome,Condition
287.13707.ffn,Resistant
287.13256.ffn,Susceptible
287.18456.ffn,Resistant
287.28421.ffn,Susceptible
287.1172.ffn,Resistant
287.19478.ffn,Susceptible
287.6336.ffn,Resistant
1231932.3.ffn,Susceptible
287.19672.ffn,Susceptible
287.18504.ffn,Resistant
287.17906.ffn,Resistant
287.17505.ffn,Resistant
287.7052.ffn,Susceptible
287.19373.ffn,Susceptible
287.14845.ffn,Resistant
287.4545.ffn,Resistant
287.19372.ffn,Susceptible
287.7477.ffn,Susceptible
287.6447.ffn,Susceptible
287.14474.ffn,Susceptible
287.12465.ffn,Susceptible
287.29642.ffn,Susceptible
287.4105.ffn,Susceptible
287.19228.ffn,Susceptible
287.1961.ffn,Resistant
287.1769.ffn,Resistant
287.4072.ffn,Susceptible
287.17054.ffn,Susceptible
287.29671.ffn,Resistant
287.12519.ffn,Resistant
287.5707.ffn,Resistant
287.4547.ffn,Susceptible
287.19365.ffn,Susceptible
287.27692.ffn,Resistant
287.19497.ffn,Resistant
287.17967.ffn,Susceptible
287.17957.ffn,Resistant
287.8358.ffn,Susceptible
287.17936.ffn,Susceptible
287.31616.ffn,Resistant
287.33016.ffn,Resistant
287.17015.ffn,Susceptible
287.5742.ffn,Resistant
1402534.3.ffn,Susceptible
287.29726.ffn,Resistant
287.19682.ffn,Susceptible
287.7542.ffn,Susceptible
287.16889.ffn,Resistant
287.25907.ffn,Resistant
287.1039.ffn,Susceptible
287.8963.ffn,Susceptible
287.32597.ffn,Resistant
287.25207.ffn,Susceptible
287.12622.ffn,Resistant
287.9266.ffn,Resistant
287.10639.ffn,Susceptible
287.6889.ffn,Susceptible
287.16836.ffn,Resistant
287.11895.ffn,Resistant
287.27315.ffn,Resistant
287.25263.ffn,Resistant
287.24592.ffn,Susceptible
287.26033.ffn,Resistant
287.12008.ffn,Resistant
287.32602.ffn,Susceptible
287.26483.ffn,Resistant
287.25754.ffn,Susceptible
287.19436.ffn,Susceptible
287.9297.ffn,Susceptible
287.19161.ffn,Resistant
287.12778.ffn,Resistant
287.19443.ffn,Susceptible
287.12112.ffn,Susceptible
287.24758.ffn,Resistant
287.18645.ffn,Susceptible
287.25242.ffn,Susceptible
287.1183.ffn,Resistant
287.18132.ffn,Susceptible
287.28391.ffn,Resistant
287.31395.ffn,Resistant
287.12547.ffn,Resistant
287.4405.ffn,Susceptible
287.17635.ffn,Resistant
287.29728.ffn,Resistant
287.9281.ffn,Susceptible
287.14778.ffn,Resistant
287.7455.ffn,Susceptible
287.19511.ffn,Susceptible
287.8929.ffn,Susceptible
287.29756.ffn,Resistant
287.11897.ffn,Resistant
287.14499.ffn,Resistant
287.26413.ffn,Susceptible
287.18647.ffn,Resistant
287.19482.ffn,Resistant
287.19437.ffn,Susceptible
287.4369.ffn,Susceptible
287.16589.ffn,Susceptible
287.9065.ffn,Susceptible
287.12556.ffn,Resistant
287.31591.ffn,Resistant
287.11758.ffn,Resistant
287.12572.ffn,Resistant
287.17641.ffn,Resistant
287.6405.ffn,Resistant
1418237.3.ffn,Susceptible
287.29791.ffn,Resistant
287.31656.ffn,Resistant
287.11587.ffn,Susceptible
287.27192.ffn,Susceptible
287.26403.ffn,Resistant
287.24699.ffn,Resistant
287.27304.ffn,Resistant
287.17483.ffn,Susceptible
287.5678.ffn,Resistant
287.19612.ffn,Resistant
287.6904.ffn,Resistant
287.19533.ffn,Susceptible
287.25215.ffn,Resistant
287.16943.ffn,Susceptible
287.29622.ffn,Susceptible
287.31355.ffn,Susceptible
287.2969.ffn,Susceptible
287.7844.ffn,Susceptible
287.6864.ffn,Susceptible
287.9091.ffn,Susceptible
287.27128.ffn,Susceptible
287.12566.ffn,Resistant
287.31425.ffn,Resistant
287.15898.ffn,Susceptible
287.24577.ffn,Susceptible
287.9017.ffn,Resistant
287.24743.ffn,Susceptible
287.14759.ffn,Resistant
287.25226.ffn,Resistant
287.17622.ffn,Susceptible
287.15901.ffn,Resistant
287.6466.ffn,Resistant
287.11066.ffn,Susceptible
287.25861.ffn,Susceptible
287.14821.ffn,Resistant
287.17822.ffn,Susceptible
287.12602.ffn,Resistant
1402578.3.ffn,Susceptible
287.16956.ffn,Susceptible
287.12023.ffn,Susceptible
287.12028.ffn,Resistant
287.19434.ffn,Susceptible
287.28316.ffn,Susceptible
287.19515.ffn,Susceptible
287.14809.ffn,Resistant
287.32608.ffn,Susceptible
287.25982.ffn,Resistant
287.13282.ffn,Susceptible
287.32969.ffn,Susceptible
287.17985.ffn,Resistant
287.32529.ffn,Susceptible
287.9299.ffn,Susceptible
287.15878.ffn,Resistant
287.10148.ffn,Resistant
287.19395.ffn,Susceptible
287.6954.ffn,Susceptible
287.18614.ffn,Susceptible
287.8941.ffn,Susceptible
287.17982.ffn,Resistant
287.3715.ffn,Resistant
287.7478.ffn,Resistant
287.18317.ffn,Resistant
287.29764.ffn,Susceptible
287.14492.ffn,Resistant
287.14283.ffn,Resistant
287.24983.ffn,Resistant
287.4376.ffn,Susceptible
287.19669.ffn,Susceptible
287.6999.ffn,Susceptible
287.31416.ffn,Resistant
287.7298.ffn,Susceptible
287.4541.ffn,Susceptible
287.32611.ffn,Susceptible
287.5965.ffn,Resistant
287.4071.ffn,Resistant
287.9242.ffn,Resistant
287.11538.ffn,Resistant
287.854.ffn,Susceptible
287.28384.ffn,Resistant
287.14785.ffn,Susceptible
287.14439.ffn,Resistant
1418242.3.ffn,Susceptible
287.10396.ffn,Resistant
287.16882.ffn,Resistant
287.18028.ffn,Resistant
287.13281.ffn,Susceptible
287.12459.ffn,Resistant
287.17547.ffn,Resistant
287.25923.ffn,Resistant
287.6936.ffn,Susceptible
208964.385.ffn,Susceptible
287.10015.ffn,Susceptible
287.878.ffn,Resistant
287.9237.ffn,Resistant
287.8924.ffn,Susceptible
287.11914.ffn,Susceptible
287.14285.ffn,Resistant
287.28322.ffn,Susceptible
287.10058.ffn,Resistant
287.13323.ffn,Resistant
287.13702.ffn,Susceptible
287.24751.ffn,Resistant
287.29752.ffn,Resistant
287.12544.ffn,Susceptible
287.6878.ffn,Susceptible
287.17838.ffn,Resistant
287.7458.ffn,Resistant
287.11583.ffn,Susceptible
287.17882.ffn,Resistant
287.25895.ffn,Susceptible
287.17048.ffn,Resistant
287.867.ffn,Resistant
287.6446.ffn,Resistant
287.15883.ffn,Susceptible
287.877.ffn,Susceptible
287.12483.ffn,Resistant
287.18094.ffn,Susceptible
287.19226.ffn,Susceptible
287.32651.ffn,Resistant
287.11186.ffn,Susceptible
287.7407.ffn,Susceptible
287.18576.ffn,Susceptible
287.18069.ffn,Susceptible
287.10391.ffn,Resistant
287.7453.ffn,Susceptible
287.25981.ffn,Susceptible
287.17449.ffn,Resistant
287.9172.ffn,Susceptible
287.16837.ffn,Resistant
287.26044.ffn,Susceptible
287.3402.ffn,Susceptible
287.7625.ffn,Susceptible
287.2469.ffn,Susceptible
287.10413.ffn,Susceptible
287.12527.ffn,Susceptible
287.6965.ffn,Susceptible
287.8388.ffn,Susceptible
287.12616.ffn,Resistant
287.27034.ffn,Resistant
287.1786.ffn,Susceptible
287.7759.ffn,Resistant
287.12604.ffn,Resistant
287.18541.ffn,Susceptible
287.28452.ffn,Susceptible
287.29715.ffn,Resistant
287.10155.ffn,Resistant
287.12569.ffn,Susceptible
287.19235.ffn,Resistant
287.7537.ffn,Susceptible
287.14732.ffn,Resistant
287.7313.ffn,Resistant
287.7583.ffn,Susceptible
287.24747.ffn,Susceptible
287.18506.ffn,Resistant
287.4467.ffn,Susceptible
287.1843.ffn,Resistant
287.32633.ffn,Resistant
287.18612.ffn,Susceptible
287.7517.ffn,Susceptible
287.6988.ffn,Susceptible
287.24537.ffn,Resistant
287.2922.ffn,Resistant
287.16617.ffn,Susceptible
287.12495.ffn,Susceptible
287.17954.ffn,Resistant
287.32587.ffn,Susceptible
287.26499.ffn,Resistant
287.4361.ffn,Susceptible
287.16585.ffn,Susceptible
287.28562.ffn,Susceptible
287.25203.ffn,Susceptible
287.15244.ffn,Resistant
287.28341.ffn,Resistant
287.16522.ffn,Resistant
287.6495.ffn,Resistant
287.7466.ffn,Resistant
287.27291.ffn,Susceptible
287.25244.ffn,Resistant
287.18117.ffn,Resistant
287.3735.ffn,Resistant
287.6445.ffn,Resistant
287.28466.ffn,Resistant
287.26484.ffn,Resistant
287.7059.ffn,Susceptible
287.4429.ffn,Susceptible
287.6945.ffn,Susceptible
287.12559.ffn,Resistant
1402496.3.ffn,Resistant
287.6984.ffn,Resistant
287.8414.ffn,Resistant
287.16861.ffn,Susceptible
287.25231.ffn,Resistant
287.29746.ffn,Susceptible
287.7661.ffn,Susceptible
287.31617.ffn,Resistant
287.11969.ffn,Resistant
1418247.3.ffn,Susceptible
287.18136.ffn,Susceptible
1402527.3.ffn,Susceptible
287.24579.ffn,Resistant
287.11148.ffn,Susceptible
287.7061.ffn,Susceptible
287.18457.ffn,Resistant
287.28403.ffn,Resistant
287.7757.ffn,Susceptible
287.15222.ffn,Susceptible
287.1745.ffn,Resistant
287.16997.ffn,Susceptible
287.32639.ffn,Susceptible
287.7295.ffn,Susceptible
287.29388.ffn,Resistant
287.9216.ffn,Susceptible
287.14272.ffn,Resistant
287.25885.ffn,Susceptible
287.29679.ffn,Resistant
287.19691.ffn,Susceptible
287.31593.ffn,Resistant
287.4067.ffn,Resistant
287.9188.ffn,Susceptible
287.11763.ffn,Susceptible
287.25179.ffn,Resistant
287.24582.ffn,Susceptible
287.32521.ffn,Susceptible
287.9111.ffn,Susceptible
287.12489.ffn,Resistant
287.1226.ffn,Resistant
1009714.25.ffn,Resistant
287.28356.ffn,Resistant
287.15868.ffn,Susceptible
287.6928.ffn,Resistant
287.18592.ffn,Resistant
287.18462.ffn,Susceptible
287.1785.ffn,Susceptible
287.11962.ffn,Susceptible
287.6884.ffn,Susceptible
287.10291.ffn,Susceptible
287.32531.ffn,Resistant
287.19481.ffn,Susceptible
287.1218.ffn,Susceptible
287.31736.ffn,Resistant
287.8411.ffn,Susceptible
287.25178.ffn,Susceptible
287.12605.ffn,Resistant
287.33003.ffn,Resistant
287.14046.ffn,Resistant
287.1795.ffn,Susceptible
1402573.3.ffn,Susceptible
287.12641.ffn,Resistant
287.7335.ffn,Susceptible
287.19406.ffn,Susceptible
287.18329.ffn,Susceptible
287.10428.ffn,Susceptible
287.17527.ffn,Susceptible
287.26513.ffn,Resistant
287.4082.ffn,Resistant
287.6427.ffn,Susceptible
287.16553.ffn,Resistant
287.12599.ffn,Resistant
287.17555.ffn,Resistant
287.32684.ffn,Resistant
287.32634.ffn,Resistant
287.12607.ffn,Resistant
287.19647.ffn,Susceptible
287.25942.ffn,Susceptible
287.6449.ffn,Resistant
287.6484.ffn,Resistant
287.18335.ffn,Resistant
287.1022.ffn,Susceptible
287.17462.ffn,Resistant
287.29398.ffn,Resistant
287.11987.ffn,Susceptible
287.12735.ffn,Resistant
287.7065.ffn,Susceptible
287.18369.ffn,Susceptible
287.12601.ffn,Resistant
287.17844.ffn,Resistant
287.19548.ffn,Susceptible
287.8974.ffn,Resistant
287.7088.ffn,Susceptible
287.19554.ffn,Susceptible
287.14266.ffn,Resistant
287.9201.ffn,Resistant
287.15738.ffn,Susceptible
287.9133.ffn,Susceptible
287.15881.ffn,Resistant
287.2633.ffn,Resistant
287.9226.ffn,Susceptible
287.9015.ffn,Susceptible
287.29701.ffn,Resistant
287.26025.ffn,Resistant
287.4436.ffn,Susceptible
287.19654.ffn,Resistant
287.28329.ffn,Susceptible
287.24536.ffn,Susceptible
287.9159.ffn,Susceptible
287.11989.ffn,Susceptible
287.29797.ffn,Susceptible
287.19238.ffn,Resistant
287.27202.ffn,Resistant
287.27231.ffn,Susceptible
287.4356.ffn,Resistant
287.7655.ffn,Resistant
287.18413.ffn,Resistant
287.12503.ffn,Resistant
287.11912.ffn,Susceptible
208964.387.ffn,Susceptible
287.12713.ffn,Resistant
287.4433.ffn,Susceptible
287.16536.ffn,Resistant
287.4345.ffn,Susceptible
287.18422.ffn,Resistant
287.19184.ffn,Resistant
287.27178.ffn,Resistant
287.29809.ffn,Resistant
287.5761.ffn,Resistant
287.11974.ffn,Resistant
287.8406.ffn,Resistant
287.1102.ffn,Susceptible
287.13269.ffn,Resistant
287.29751.ffn,Resistant
287.28352.ffn,Resistant
287.7452.ffn,Susceptible
287.17681.ffn,Resistant
287.17876.ffn,Resistant
287.9149.ffn,Susceptible
1418244.3.ffn,Susceptible
287.27017.ffn,Resistant
287.14407.ffn,Resistant
287.31437.ffn,Susceptible
287.17034.ffn,Susceptible
287.12813.ffn,Resistant
287.14796.ffn,Resistant
287.28373.ffn,Resistant
287.18043.ffn,Susceptible
287.26451.ffn,Resistant
287.31643.ffn,Resistant
287.24595.ffn,Resistant
287.7653.ffn,Susceptible
287.25968.ffn,Susceptible
287.6947.ffn,Susceptible
287.14053.ffn,Resistant
287.18692.ffn,Resistant
287.3356.ffn,Resistant
287.7894.ffn,Susceptible
287.31466.ffn,Resistant
287.16834.ffn,Resistant
287.11174.ffn,Resistant
287.6421.ffn,Susceptible
287.1702.ffn,Susceptible
287.18386.ffn,Resistant
287.25196.ffn,Resistant
287.4438.ffn,Susceptible
287.13854.ffn,Susceptible
287.3881.ffn,Susceptible
287.19568.ffn,Resistant
287.11973.ffn,Susceptible
287.6859.ffn,Susceptible
287.6372.ffn,Susceptible
287.19448.ffn,Susceptible
287.6893.ffn,Susceptible
287.3116.ffn,Resistant
1402529.3.ffn,Susceptible
287.8038.ffn,Susceptible
287.12606.ffn,Susceptible
287.15872.ffn,Resistant
287.11554.ffn,Susceptible
287.14461.ffn,Susceptible
287.16881.ffn,Susceptible
287.31694.ffn,Resistant
287.8051.ffn,Susceptible
287.29222.ffn,Resistant
287.6903.ffn,Resistant
287.9104.ffn,Susceptible
287.7388.ffn,Susceptible
287.2631.ffn,Susceptible
287.1948.ffn,Susceptible
287.18336.ffn,Resistant
287.16982.ffn,Resistant
287.18642.ffn,Susceptible
1402581.3.ffn,Susceptible
287.24567.ffn,Resistant
287.26326.ffn,Resistant
287.8902.ffn,Susceptible
287.24714.ffn,Resistant
287.11161.ffn,Susceptible
287.17894.ffn,Resistant
287.16896.ffn,Resistant
287.15236.ffn,Susceptible
287.31647.ffn,Resistant
287.2587.ffn,Resistant
287.18022.ffn,Resistant
287.27067.ffn,Resistant
287.27705.ffn,Susceptible
287.18126.ffn,Resistant
287.16524.ffn,Resistant
287.26471.ffn,Susceptible
287.18639.ffn,Resistant
287.7543.ffn,Susceptible
1402574.3.ffn,Susceptible
287.27126.ffn,Susceptible
287.17628.ffn,Susceptible
287.31461.ffn,Resistant
287.13332.ffn,Susceptible
287.18479.ffn,Resistant
287.18507.ffn,Resistant
287.11981.ffn,Resistant
287.31618.ffn,Resistant
287.9178.ffn,Susceptible
287.12524.ffn,Susceptible
287.18302.ffn,Susceptible
287.7042.ffn,Susceptible
287.6931.ffn,Resistant
287.12627.ffn,Resistant
287.19202.ffn,Susceptible
287.17669.ffn,Susceptible
287.12794.ffn,Resistant
287.7369.ffn,Resistant
287.9262.ffn,Resistant
287.7997.ffn,Susceptible
287.13861.ffn,Resistant
287.8943.ffn,Susceptible
287.6339.ffn,Susceptible
287.32627.ffn,Resistant
287.28558.ffn,Resistant
287.9296.ffn,Susceptible
287.28405.ffn,Susceptible
287.11595.ffn,Susceptible
287.10407.ffn,Susceptible
287.4291.ffn,Resistant
287.10044.ffn,Resistant
287.7401.ffn,Resistant
287.8019.ffn,Resistant
287.11902.ffn,Resistant
287.29619.ffn,Susceptible
287.31474.ffn,Resistant
287.26521.ffn,Susceptible
287.19551.ffn,Susceptible
287.1141.ffn,Resistant
287.11577.ffn,Resistant
287.13846.ffn,Resistant
287.8364.ffn,Susceptible
287.6833.ffn,Resistant
287.19614.ffn,Resistant
287.31407.ffn,Resistant
287.12487.ffn,Susceptible
287.12752.ffn,Susceptible
287.29765.ffn,Resistant
287.7535.ffn,Susceptible
287.28441.ffn,Resistant
287.13324.ffn,Resistant
287.11529.ffn,Susceptible
287.27295.ffn,Susceptible
287.7553.ffn,Susceptible
287.19611.ffn,Susceptible
287.31578.ffn,Resistant
287.12639.ffn,Susceptible
287.26524.ffn,Resistant
287.1758.ffn,Susceptible
287.12842.ffn,Resistant
287.11556.ffn,Resistant
287.29215.ffn,Susceptible
287.6345.ffn,Susceptible
287.31704.ffn,Resistant
287.16825.ffn,Resistant
287.13255.ffn,Resistant
287.18294.ffn,Susceptible
287.5693.ffn,Susceptible
287.851.ffn,Susceptible
287.10393.ffn,Resistant
287.7922.ffn,Susceptible
287.1766.ffn,Resistant
287.25938.ffn,Susceptible
287.32487.ffn,Susceptible
287.6982.ffn,Susceptible
287.13274.ffn,Susceptible
287.31445.ffn,Resistant
287.10139.ffn,Resistant
287.13848.ffn,Susceptible
287.28376.ffn,Susceptible
287.3883.ffn,Resistant
287.4288.ffn,Resistant
287.12608.ffn,Resistant
287.25182.ffn,Resistant
287.31727.ffn,Resistant
287.18465.ffn,Susceptible
287.26076.ffn,Resistant
287.18029.ffn,Resistant
287.7053.ffn,Susceptible
287.24705.ffn,Susceptible
287.24762.ffn,Susceptible
287.2965.ffn,Resistant
287.8989.ffn,Resistant
287.32478.ffn,Susceptible
287.26408.ffn,Susceptible
287.9257.ffn,Resistant
287.7319.ffn,Resistant
287.9103.ffn,Resistant
287.6935.ffn,Susceptible
287.4546.ffn,Resistant
287.15856.ffn,Resistant
287.14424.ffn,Resistant
287.863.ffn,Susceptible
287.8393.ffn,Susceptible
287.1794.ffn,Resistant
287.12091.ffn,Resistant
287.8985.ffn,Resistant
287.25762.ffn,Susceptible
287.19412.ffn,Susceptible
287.17834.ffn,Resistant
287.3165.ffn,Resistant
287.9162.ffn,Susceptible
287.7302.ffn,Susceptible
287.10563.ffn,Susceptible
287.17665.ffn,Resistant
287.4051.ffn,Resistant
287.12734.ffn,Resistant
287.31408.ffn,Susceptible
287.10569.ffn,Resistant
287.10283.ffn,Susceptible
287.14449.ffn,Susceptible
287.7051.ffn,Resistant
287.5966.ffn,Resistant
287.11963.ffn,Susceptible
287.10036.ffn,Susceptible
287.7883.ffn,Susceptible
287.16921.ffn,Susceptible
287.12716.ffn,Susceptible
287.8986.ffn,Susceptible
287.8914.ffn,Susceptible
287.19388.ffn,Susceptible
1402533.3.ffn,Resistant
287.14828.ffn,Resistant
287.6933.ffn,Resistant
287.12104.ffn,Resistant
287.7463.ffn,Susceptible
287.11588.ffn,Susceptible
287.17874.ffn,Resistant
287.4277.ffn,Resistant
287.1246.ffn,Resistant
287.24597.ffn,Susceptible
287.14477.ffn,Resistant
287.32607.ffn,Resistant
287.3434.ffn,Resistant
287.32622.ffn,Resistant
287.29783.ffn,Resistant
287.16839.ffn,Resistant
287.19645.ffn,Susceptible
287.12757.ffn,Susceptible
287.7596.ffn,Susceptible
287.19209.ffn,Susceptible
287.1123.ffn,Resistant
287.13852.ffn,Susceptible
287.6867.ffn,Susceptible
287.18119.ffn,Resistant
287.7374.ffn,Susceptible
287.31397.ffn,Susceptible
1402514.3.ffn,Susceptible
287.9152.ffn,Susceptible
287.5709.ffn,Susceptible
287.19234.ffn,Resistant
287.19149.ffn,Resistant
287.28315.ffn,Susceptible
287.6879.ffn,Susceptible
287.1205.ffn,Susceptible
287.18593.ffn,Resistant
287.11533.ffn,Resistant
287.8961.ffn,Susceptible
287.10298.ffn,Susceptible
287.1829.ffn,Susceptible
287.1941.ffn,Susceptible
287.29687.ffn,Susceptible
287.18503.ffn,Resistant
287.28464.ffn,Susceptible
287.2938.ffn,Resistant
287.3262.ffn,Resistant
287.11062.ffn,Susceptible
287.12452.ffn,Resistant
287.1704.ffn,Resistant
287.29745.ffn,Susceptible
287.18492.ffn,Susceptible
287.7286.ffn,Susceptible
287.19211.ffn,Susceptible
287.16618.ffn,Susceptible
287.9241.ffn,Resistant
208964.381.ffn,Susceptible
287.6491.ffn,Resistant
287.11574.ffn,Susceptible
287.9245.ffn,Susceptible
287.4318.ffn,Susceptible
287.28446.ffn,Susceptible
287.29372.ffn,Susceptible
287.7871.ffn,Susceptible
287.11892.ffn,Susceptible
287.18098.ffn,Susceptible
287.9085.ffn,Resistant
287.17871.ffn,Susceptible
287.17614.ffn,Susceptible
287.31712.ffn,Resistant
287.1916.ffn,Resistant
287.18388.ffn,Resistant
287.4309.ffn,Susceptible
287.28439.ffn,Resistant
287.29377.ffn,Susceptible
287.29731.ffn,Susceptible
287.24534.ffn,Susceptible
287.24571.ffn,Susceptible
287.13842.ffn,Resistant
287.9267.ffn,Resistant
1081927.12.ffn,Susceptible
287.19513.ffn,Susceptible
287.31485.ffn,Resistant
287.5961.ffn,Resistant
287.15751.ffn,Susceptible
287.17631.ffn,Resistant
287.6944.ffn,Susceptible
287.17654.ffn,Susceptible
287.25757.ffn,Susceptible
287.4379.ffn,Susceptible
287.16949.ffn,Resistant
287.7575.ffn,Resistant
287.10418.ffn,Susceptible
287.31454.ffn,Resistant
287.14818.ffn,Susceptible
287.27043.ffn,Resistant
287.17702.ffn,Susceptible
287.3407.ffn,Susceptible
287.1164.ffn,Resistant
287.28481.ffn,Susceptible
287.31729.ffn,Resistant
287.2471.ffn,Resistant
287.12554.ffn,Susceptible
287.18688.ffn,Resistant
287.26551.ffn,Susceptible
287.18131.ffn,Susceptible
287.3733.ffn,Resistant
1163396.5.ffn,Resistant
287.31631.ffn,Susceptible
287.2476.ffn,Susceptible
287.9121.ffn,Resistant
287.12545.ffn,Susceptible
287.28327.ffn,Susceptible
287.17592.ffn,Susceptible
287.33029.ffn,Susceptible
287.16901.ffn,Resistant
287.24708.ffn,Resistant
287.1168.ffn,Susceptible
287.10427.ffn,Susceptible
287.16968.ffn,Resistant
287.1021.ffn,Resistant
287.17452.ffn,Susceptible
287.29769.ffn,Resistant
287.4352.ffn,Susceptible
287.19419.ffn,Susceptible
287.861.ffn,Resistant
287.17474.ffn,Resistant
287.10641.ffn,Susceptible
287.24558.ffn,Susceptible
287.3888.ffn,Resistant
287.14804.ffn,Susceptible
287.27689.ffn,Susceptible
287.18077.ffn,Resistant
287.5711.ffn,Susceptible
287.3172.ffn,Resistant
287.17591.ffn,Susceptible
287.24748.ffn,Resistant
287.8995.ffn,Resistant
287.12592.ffn,Resistant
287.11115.ffn,Resistant
287.12499.ffn,Resistant
287.29419.ffn,Resistant
287.29237.ffn,Resistant
287.12446.ffn,Resistant
287.9147.ffn,Resistant
287.9246.ffn,Susceptible
287.31621.ffn,Resistant
287.29387.ffn,Resistant
287.17594.ffn,Resistant
287.17865.ffn,Susceptible
287.10568.ffn,Resistant
287.16607.ffn,Resistant
287.7429.ffn,Susceptible
287.15857.ffn,Resistant
287.9056.ffn,Resistant
1402526.3.ffn,Susceptible
287.4553.ffn,Resistant
287.13856.ffn,Susceptible
287.12789.ffn,Susceptible
287.27718.ffn,Susceptible
287.7421.ffn,Susceptible
287.7626.ffn,Susceptible
287.18597.ffn,Resistant
287.11534.ffn,Susceptible
287.6461.ffn,Susceptible
287.12535.ffn,Susceptible
287.32584.ffn,Susceptible
287.28395.ffn,Susceptible
287.11997.ffn,Susceptible
287.1066.ffn,Susceptible
287.6946.ffn,Resistant
287.7906.ffn,Susceptible
287.18079.ffn,Resistant
287.13321.ffn,Susceptible
287.7761.ffn,Resistant
287.27163.ffn,Susceptible
287.9211.ffn,Susceptible
287.9232.ffn,Susceptible
1402490.3.ffn,Resistant
287.12849.ffn,Susceptible
287.18138.ffn,Susceptible
287.3903.ffn,Resistant
287.14276.ffn,Susceptible
287.29712.ffn,Susceptible
287.7614.ffn,Susceptible
287.27161.ffn,Susceptible
287.11124.ffn,Susceptible
287.9142.ffn,Susceptible
287.11117.ffn,Resistant
287.18041.ffn,Susceptible
287.12009.ffn,Resistant
287.8962.ffn,Susceptible
287.17848.ffn,Resistant
287.15235.ffn,Resistant
287.27688.ffn,Susceptible
287.6907.ffn,Resistant
1447540.3.ffn,Susceptible
287.26051.ffn,Susceptible
287.18377.ffn,Resistant
287.3366.ffn,Resistant
287.7349.ffn,Susceptible
287.11172.ffn,Susceptible
287.19237.ffn,Resistant
287.27714.ffn,Susceptible
287.7299.ffn,Resistant
287.1119.ffn,Resistant
287.6499.ffn,Susceptible
287.6459.ffn,Resistant
287.12744.ffn,Susceptible
287.26077.ffn,Susceptible
287.18295.ffn,Susceptible
287.17458.ffn,Resistant
287.4455.ffn,Susceptible
287.5765.ffn,Susceptible
287.27171.ffn,Resistant
287.27061.ffn,Susceptible
287.1229.ffn,Susceptible
287.434.ffn,Susceptible
287.6967.ffn,Resistant
287.1054.ffn,Resistant
287.14494.ffn,Resistant
287.19483.ffn,Susceptible
287.28378.ffn,Resistant
287.13292.ffn,Resistant
287.1217.ffn,Susceptible
287.7422.ffn,Susceptible
287.14397.ffn,Resistant
287.6419.ffn,Resistant
287.31421.ffn,Resistant
287.31705.ffn,Resistant
1447530.3.ffn,Susceptible
287.15226.ffn,Resistant
287.28476.ffn,Resistant
287.27314.ffn,Resistant
287.12822.ffn,Resistant
287.24721.ffn,Resistant
287.6794.ffn,Susceptible
287.27635.ffn,Resistant
287.14791.ffn,Resistant
287.7438.ffn,Susceptible
287.17647.ffn,Susceptible
287.26475.ffn,Susceptible
287.28461.ffn,Resistant
287.19392.ffn,Susceptible
287.27166.ffn,Resistant
287.31608.ffn,Susceptible
287.29618.ffn,Susceptible
287.19668.ffn,Susceptible
287.27064.ffn,Susceptible
287.11949.ffn,Susceptible
1418236.3.ffn,Resistant
287.32603.ffn,Resistant
287.18352.ffn,Susceptible
287.18032.ffn,Susceptible
287.29229.ffn,Susceptible
287.18026.ffn,Resistant
287.18024.ffn,Susceptible
287.16998.ffn,Susceptible
287.18425.ffn,Resistant
287.26516.ffn,Resistant
287.12539.ffn,Susceptible
287.9198.ffn,Resistant
287.802.ffn,Susceptible
287.19473.ffn,Susceptible
287.12548.ffn,Resistant
287.12751.ffn,Resistant
287.29438.ffn,Resistant
287.32683.ffn,Resistant
287.25218.ffn,Resistant
287.7337.ffn,Susceptible
287.18485.ffn,Susceptible
287.17992.ffn,Susceptible
287.6373.ffn,Resistant
287.25882.ffn,Susceptible
287.18319.ffn,Susceptible
287.24574.ffn,Resistant
287.11903.ffn,Resistant
287.18332.ffn,Susceptible
287.18328.ffn,Resistant
287.9032.ffn,Susceptible
287.10572.ffn,Resistant
287.14408.ffn,Susceptible
287.10158.ffn,Susceptible
287.18355.ffn,Susceptible
287.31625.ffn,Resistant
287.18101.ffn,Resistant
287.1849.ffn,Susceptible
287.7866.ffn,Resistant
287.25258.ffn,Resistant
287.6393.ffn,Susceptible
287.25891.ffn,Susceptible
287.12022.ffn,Susceptible
287.18327.ffn,Resistant
287.8957.ffn,Resistant
287.3371.ffn,Susceptible
287.12525.ffn,Susceptible
287.3254.ffn,Susceptible
287.19364.ffn,Susceptible
287.27012.ffn,Susceptible
287.12573.ffn,Resistant
287.32999.ffn,Susceptible
287.25965.ffn,Susceptible
287.11597.ffn,Susceptible
287.18436.ffn,Susceptible
287.7474.ffn,Susceptible
287.3374.ffn,Susceptible
287.16994.ffn,Resistant
287.17457.ffn,Susceptible
287.24557.ffn,Resistant
287.17868.ffn,Susceptible
287.24716.ffn,Susceptible
287.18129.ffn,Resistant
287.18575.ffn,Susceptible
287.9126.ffn,Susceptible
287.24546.ffn,Resistant
287.14067.ffn,Resistant
287.4077.ffn,Resistant
287.27049.ffn,Resistant
287.16878.ffn,Resistant
287.16563.ffn,Resistant
287.18418.ffn,Resistant
287.27102.ffn,Susceptible
287.17875.ffn,Resistant
287.29811.ffn,Resistant
287.4085.ffn,Resistant
287.25984.ffn,Susceptible
287.19676.ffn,Resistant
287.25884.ffn,Resistant
287.19218.ffn,Resistant
287.6412.ffn,Resistant
287.19527.ffn,Resistant
287.4411.ffn,Susceptible
287.7375.ffn,Susceptible
287.13279.ffn,Susceptible
287.14788.ffn,Resistant
287.29659.ffn,Susceptible
287.14066.ffn,Resistant
287.14509.ffn,Susceptible
287.29228.ffn,Resistant
287.7274.ffn,Susceptible
287.16833.ffn,Susceptible
287.25758.ffn,Susceptible
287.14274.ffn,Resistant
287.32604.ffn,Resistant
287.12693.ffn,Resistant
287.2603.ffn,Resistant
287.7034.ffn,Susceptible
1402518.3.ffn,Susceptible
287.32601.ffn,Susceptible
287.7985.ffn,Resistant
287.7921.ffn,Susceptible
287.27175.ffn,Susceptible
287.28375.ffn,Resistant
287.3937.ffn,Resistant
1402559.3.ffn,Susceptible
287.7919.ffn,Susceptible
287.13723.ffn,Resistant
287.17881.ffn,Resistant
287.12461.ffn,Resistant
287.9271.ffn,Susceptible
287.14058.ffn,Resistant
287.29758.ffn,Resistant
287.5684.ffn,Susceptible
287.7506.ffn,Susceptible
287.18331.ffn,Susceptible
287.7297.ffn,Susceptible
287.7016.ffn,Resistant
287.28417.ffn,Susceptible
287.11586.ffn,Susceptible
287.11097.ffn,Susceptible
287.5694.ffn,Susceptible
287.1067.ffn,Resistant
287.18424.ffn,Resistant
287.31384.ffn,Resistant
287.18383.ffn,Resistant
287.11539.ffn,Resistant
287.28428.ffn,Susceptible
287.8916.ffn,Resistant
287.7945.ffn,Susceptible
287.1684.ffn,Resistant
287.7521.ffn,Resistant
287.31645.ffn,Resistant
287.12561.ffn,Resistant
287.14493.ffn,Susceptible
287.17674.ffn,Susceptible
287.15752.ffn,Susceptible
287.6979.ffn,Resistant
287.25879.ffn,Resistant
287.14761.ffn,Resistant
287.19231.ffn,Resistant
287.8409.ffn,Resistant
287.11142.ffn,Resistant
287.14482.ffn,Susceptible
287.18538.ffn,Resistant
287.17479.ffn,Susceptible
287.15731.ffn,Resistant
287.12756.ffn,Susceptible
1402499.3.ffn,Resistant
287.17041.ffn,Susceptible
287.6413.ffn,Resistant
287.1072.ffn,Resistant
287.14026.ffn,Susceptible
287.29403.ffn,Resistant
287.14054.ffn,Susceptible
287.7268.ffn,Resistant
287.11928.ffn,Resistant
287.18318.ffn,Resistant
287.27026.ffn,Susceptible
287.29729.ffn,Resistant
287.14278.ffn,Susceptible
287.1146.ffn,Resistant
287.17645.ffn,Susceptible
287.24566.ffn,Resistant
287.11995.ffn,Susceptible
287.7978.ffn,Susceptible
287.32526.ffn,Susceptible
287.3173.ffn,Resistant
287.32545.ffn,Susceptible
287.32574.ffn,Susceptible
287.12798.ffn,Resistant
287.17932.ffn,Susceptible
287.16906.ffn,Susceptible
287.7412.ffn,Susceptible
287.6993.ffn,Susceptible
287.14817.ffn,Resistant
287.18392.ffn,Resistant
287.26536.ffn,Resistant
287.17895.ffn,Resistant
287.9037.ffn,Resistant
287.12631.ffn,Resistant
287.14812.ffn,Resistant
287.25976.ffn,Susceptible
287.6911.ffn,Susceptible
287.12642.ffn,Susceptible
287.16829.ffn,Susceptible
287.12598.ffn,Resistant
287.12456.ffn,Susceptible
287.25899.ffn,Susceptible
287.6394.ffn,Susceptible
287.3724.ffn,Susceptible
287.1222.ffn,Susceptible
287.13272.ffn,Susceptible
287.19565.ffn,Susceptible
287.17049.ffn,Resistant
287.27294.ffn,Resistant
287.10401.ffn,Susceptible
287.18495.ffn,Resistant
287.1937.ffn,Susceptible
287.32533.ffn,Susceptible
287.17538.ffn,Susceptible
287.25908.ffn,Susceptible
1402530.3.ffn,Susceptible
287.12558.ffn,Susceptible
287.16938.ffn,Resistant
287.13726.ffn,Resistant
287.29704.ffn,Susceptible
287.13733.ffn,Susceptible
287.10408.ffn,Susceptible
287.3728.ffn,Susceptible
287.12814.ffn,Resistant
287.14798.ffn,Resistant
287.14774.ffn,Resistant
287.27096.ffn,Susceptible
287.32493.ffn,Resistant
287.12035.ffn,Resistant
287.17703.ffn,Susceptible
287.9252.ffn,Susceptible
287.25876.ffn,Resistant
287.31433.ffn,Susceptible
287.17827.ffn,Susceptible
287.27152.ffn,Susceptible
287.9123.ffn,Susceptible
287.9087.ffn,Resistant
287.18663.ffn,Susceptible
287.16936.ffn,Susceptible
287.32615.ffn,Resistant
287.10286.ffn,Susceptible
287.25875.ffn,Resistant
287.11999.ffn,Susceptible
287.9194.ffn,Susceptible
287.5757.ffn,Resistant
287.14728.ffn,Resistant
287.9045.ffn,Susceptible
287.3917.ffn,Resistant
287.10567.ffn,Resistant
208964.386.ffn,Susceptible
287.17889.ffn,Susceptible
287.13254.ffn,Susceptible
287.4311.ffn,Susceptible
287.16989.ffn,Resistant
287.25205.ffn,Susceptible
287.19366.ffn,Resistant
287.9249.ffn,Susceptible
287.1859.ffn,Susceptible
287.11121.ffn,Resistant
287.14387.ffn,Resistant
287.17678.ffn,Resistant
287.17523.ffn,Resistant
287.7076.ffn,Susceptible
287.9007.ffn,Susceptible
287.26472.ffn,Susceptible
287.26398.ffn,Susceptible
287.25735.ffn,Susceptible
287.8017.ffn,Susceptible
287.18111.ffn,Resistant
287.7266.ffn,Susceptible
287.27253.ffn,Susceptible
287.25188.ffn,Susceptible
287.29219.ffn,Resistant
287.17999.ffn,Resistant
287.12458.ffn,Resistant
287.24723.ffn,Resistant
287.9026.ffn,Resistant
287.18569.ffn,Resistant
287.4432.ffn,Resistant
287.13335.ffn,Susceptible
287.7941.ffn,Susceptible
287.8018.ffn,Resistant
1402488.3.ffn,Susceptible
287.32996.ffn,Susceptible
287.25971.ffn,Resistant
287.14411.ffn,Resistant
287.1167.ffn,Susceptible
287.27661.ffn,Resistant
287.31409.ffn,Resistant
287.4106.ffn,Susceptible
287.28434.ffn,Susceptible
287.27185.ffn,Susceptible
287.7361.ffn,Susceptible
287.18051.ffn,Susceptible
287.8357.ffn,Resistant
287.16996.ffn,Susceptible
287.7612.ffn,Susceptible
287.9135.ffn,Susceptible
287.25935.ffn,Susceptible
287.7402.ffn,Resistant
287.12806.ffn,Susceptible
287.18107.ffn,Resistant
287.32966.ffn,Resistant
287.25766.ffn,Susceptible
287.12501.ffn,Susceptible
287.12617.ffn,Susceptible
287.28427.ffn,Susceptible
287.1589.ffn,Resistant
287.7362.ffn,Susceptible
1402552.3.ffn,Susceptible
287.11945.ffn,Susceptible
287.11528.ffn,Susceptible
287.24731.ffn,Resistant
287.7393.ffn,Susceptible
287.12526.ffn,Resistant
287.15733.ffn,Susceptible
287.18573.ffn,Susceptible
287.25191.ffn,Resistant
287.8408.ffn,Susceptible
287.9282.ffn,Susceptible
287.28453.ffn,Susceptible
287.31472.ffn,Resistant
287.10141.ffn,Resistant
287.32618.ffn,Resistant
287.1162.ffn,Resistant
287.9012.ffn,Resistant
287.7556.ffn,Susceptible
287.18636.ffn,Resistant
287.5739.ffn,Susceptible
287.32645.ffn,Resistant
287.18052.ffn,Resistant
287.15882.ffn,Resistant
287.17921.ffn,Resistant
287.28561.ffn,Susceptible
287.17698.ffn,Susceptible
287.1047.ffn,Susceptible
287.11967.ffn,Susceptible
287.29637.ffn,Susceptible
287.8937.ffn,Resistant
287.12449.ffn,Resistant
287.9161.ffn,Resistant
287.6958.ffn,Susceptible
287.17014.ffn,Susceptible
287.26436.ffn,Susceptible
287.7913.ffn,Susceptible
287.17946.ffn,Resistant
287.18472.ffn,Resistant
287.5949.ffn,Resistant
287.6956.ffn,Susceptible
287.11568.ffn,Susceptible
287.6804.ffn,Resistant
287.14384.ffn,Resistant
287.9138.ffn,Susceptible
287.18599.ffn,Susceptible
287.16529.ffn,Susceptible
287.18102.ffn,Resistant
287.7608.ffn,Susceptible
287.32535.ffn,Resistant
287.31463.ffn,Resistant
287.1138.ffn,Resistant
287.7278.ffn,Susceptible
287.14522.ffn,Resistant
287.9112.ffn,Susceptible
287.3373.ffn,Susceptible
287.1024.ffn,Resistant
287.27023.ffn,Resistant
1402503.3.ffn,Resistant
287.14262.ffn,Resistant
287.17877.ffn,Resistant
287.17044.ffn,Susceptible
287.19686.ffn,Susceptible
287.13858.ffn,Resistant
287.439.ffn,Susceptible
287.10016.ffn,Resistant
287.14745.ffn,Susceptible
287.17624.ffn,Susceptible
287.31413.ffn,Susceptible
287.3114.ffn,Susceptible
287.26454.ffn,Resistant
287.16895.ffn,Resistant
287.3261.ffn,Susceptible
287.4069.ffn,Resistant
287.31644.ffn,Resistant
287.31637.ffn,Resistant
287.8037.ffn,Resistant
287.1106.ffn,Susceptible
287.18093.ffn,Susceptible
287.1791.ffn,Susceptible
287.8026.ffn,Resistant
287.7755.ffn,Susceptible
287.2596.ffn,Resistant
287.8907.ffn,Susceptible
287.18403.ffn,Resistant
287.26533.ffn,Resistant
287.11983.ffn,Susceptible
287.3342.ffn,Susceptible
287.17023.ffn,Susceptible
287.4445.ffn,Susceptible
287.31713.ffn,Resistant
287.7557.ffn,Susceptible
1402528.3.ffn,Susceptible
287.31477.ffn,Resistant
287.14414.ffn,Susceptible
287.26084.ffn,Susceptible
287.12851.ffn,Susceptible
287.19435.ffn,Susceptible
287.25247.ffn,Resistant
287.27179.ffn,Susceptible
287.1799.ffn,Resistant
287.4409.ffn,Susceptible
287.1136.ffn,Resistant
1402498.3.ffn,Susceptible
287.11129.ffn,Susceptible
287.32514.ffn,Resistant
287.4265.ffn,Susceptible
287.12829.ffn,Susceptible
287.8991.ffn,Susceptible
287.32658.ffn,Resistant
287.25921.ffn,Resistant
287.7666.ffn,Resistant
287.31432.ffn,Resistant
287.29384.ffn,Resistant
287.10414.ffn,Resistant
287.6334.ffn,Resistant
1402487.3.ffn,Susceptible
287.8953.ffn,Susceptible
287.12476.ffn,Susceptible
287.29669.ffn,Resistant
287.10028.ffn,Resistant
287.6924.ffn,Resistant
287.11592.ffn,Resistant
287.17517.ffn,Resistant
287.18637.ffn,Resistant
287.12671.ffn,Susceptible
287.28301.ffn,Susceptible
287.29759.ffn,Susceptible
287.9264.ffn,Resistant
287.17832.ffn,Resistant
287.17904.ffn,Resistant
287.9173.ffn,Susceptible
287.6989.ffn,Susceptible
287.27151.ffn,Susceptible
287.19648.ffn,Susceptible
287.18665.ffn,Resistant
1402504.3.ffn,Susceptible
287.2456.ffn,Resistant
287.1955.ffn,Susceptible
287.12613.ffn,Susceptible
287.32653.ffn,Resistant
287.14489.ffn,Susceptible
287.32596.ffn,Susceptible
287.13735.ffn,Susceptible
287.11559.ffn,Susceptible
287.9073.ffn,Resistant
1402567.3.ffn,Susceptible
287.18501.ffn,Susceptible
287.19445.ffn,Susceptible
287.14495.ffn,Susceptible
287.17942.ffn,Susceptible
287.25202.ffn,Susceptible
287.7418.ffn,Susceptible
287.9061.ffn,Susceptible
287.15871.ffn,Resistant
287.17589.ffn,Susceptible
287.8403.ffn,Resistant
287.8966.ffn,Resistant
287.12618.ffn,Resistant
287.6915.ffn,Susceptible
287.27686.ffn,Susceptible
287.2939.ffn,Resistant
287.1103.ffn,Resistant
287.17564.ffn,Resistant
287.28337.ffn,Resistant
287.12779.ffn,Resistant
287.26017.ffn,Resistant
287.27249.ffn,Susceptible
287.16578.ffn,Resistant
287.7504.ffn,Susceptible
287.32621.ffn,Resistant
287.6365.ffn,Resistant
287.25208.ffn,Susceptible
287.29799.ffn,Resistant
287.7377.ffn,Susceptible
287.19178.ffn,Susceptible
287.5743.ffn,Resistant
287.31634.ffn,Resistant
287.31699.ffn,Resistant
287.32588.ffn,Susceptible
287.29677.ffn,Resistant
287.1121.ffn,Susceptible
287.6473.ffn,Susceptible
287.33021.ffn,Resistant
287.24539.ffn,Resistant
287.17951.ffn,Susceptible
287.13294.ffn,Resistant
287.31751.ffn,Susceptible
287.18009.ffn,Resistant
287.4348.ffn,Susceptible
287.25746.ffn,Susceptible
287.1848.ffn,Resistant
287.17867.ffn,Resistant
287.3303.ffn,Susceptible
287.9115.ffn,Resistant
287.12628.ffn,Resistant
287.27215.ffn,Susceptible
287.18006.ffn,Resistant
287.32619.ffn,Susceptible
287.25924.ffn,Susceptible
287.15725.ffn,Resistant
287.1091.ffn,Susceptible
287.31719.ffn,Resistant
287.14763.ffn,Resistant
287.4623.ffn,Resistant
287.18277.ffn,Resistant
287.6364.ffn,Resistant
287.11145.ffn,Resistant
287.14475.ffn,Resistant
287.16533.ffn,Resistant
287.12455.ffn,Susceptible
287.1915.ffn,Resistant
287.1853.ffn,Susceptible
287.27073.ffn,Resistant
287.31627.ffn,Resistant
287.6453.ffn,Resistant
287.4552.ffn,Resistant
287.26097.ffn,Susceptible
287.18076.ffn,Resistant
287.18379.ffn,Susceptible
287.10162.ffn,Resistant
287.8919.ffn,Resistant
287.7936.ffn,Susceptible
287.1652.ffn,Resistant
287.7097.ffn,Resistant
287.9166.ffn,Susceptible
287.7444.ffn,Susceptible
287.9268.ffn,Susceptible
287.27167.ffn,Resistant
287.18552.ffn,Resistant
287.7935.ffn,Susceptible
287.8407.ffn,Susceptible
287.12578.ffn,Resistant
287.25212.ffn,Susceptible
287.26089.ffn,Susceptible
287.11959.ffn,Susceptible
287.17943.ffn,Susceptible
287.8398.ffn,Resistant
287.9179.ffn,Susceptible
287.2592.ffn,Susceptible
287.3437.ffn,Susceptible
287.25175.ffn,Resistant
287.29667.ffn,Susceptible
287.18502.ffn,Resistant
287.11165.ffn,Susceptible
287.8878.ffn,Susceptible
287.27038.ffn,Resistant
287.4086.ffn,Resistant
287.26041.ffn,Susceptible
287.14265.ffn,Resistant
287.15908.ffn,Resistant
287.15224.ffn,Susceptible
287.17546.ffn,Resistant
287.7018.ffn,Resistant
287.25734.ffn,Susceptible
287.29787.ffn,Susceptible
287.7752.ffn,Susceptible
287.11099.ffn,Susceptible
287.16963.ffn,Resistant
287.28366.ffn,Resistant
287.25234.ffn,Susceptible
287.8958.ffn,Resistant
287.26495.ffn,Resistant
287.7381.ffn,Resistant
287.7483.ffn,Susceptible
287.16894.ffn,Resistant
287.32632.ffn,Resistant
287.18584.ffn,Susceptible
287.7084.ffn,Resistant
287.12048.ffn,Susceptible
287.29368.ffn,Resistant
287.11753.ffn,Susceptible
287.31587.ffn,Susceptible
287.4327.ffn,Susceptible
287.15233.ffn,Resistant
287.31615.ffn,Resistant
287.9114.ffn,Resistant
287.14518.ffn,Susceptible
287.17956.ffn,Resistant
287.32982.ffn,Susceptible
287.8999.ffn,Susceptible
287.31607.ffn,Susceptible
287.4261.ffn,Susceptible
287.18289.ffn,Susceptible
287.4262.ffn,Susceptible
287.6819.ffn,Resistant
287.17032.ffn,Susceptible
287.18432.ffn,Susceptible
287.24987.ffn,Susceptible
287.19477.ffn,Resistant
287.17858.ffn,Resistant
287.4286.ffn,Resistant
287.7993.ffn,Susceptible
1402520.3.ffn,Susceptible
287.14497.ffn,Resistant
287.9117.ffn,Susceptible
287.16845.ffn,Resistant
287.9075.ffn,Susceptible
287.26397.ffn,Resistant
287.19385.ffn,Susceptible
287.19649.ffn,Susceptible
287.12107.ffn,Susceptible
287.4414.ffn,Susceptible
287.1747.ffn,Resistant
287.18701.ffn,Susceptible
287.25737.ffn,Susceptible
287.6908.ffn,Resistant
287.33013.ffn,Susceptible
287.16846.ffn,Resistant
287.19634.ffn,Susceptible
287.13845.ffn,Resistant
